{
    "header": [
        " *   ",
        " *   文件描述：本文件为网页资源信息",
        " *   success字段为下载保存成功的资源;failures字段则为下载保存失败的资源URL",
        " *   success字段为标准树结构，每一层资源父子关系、URL和保存路径清晰明了",
        " *   本文件仅为记录检测到的网页资源以便于调试，非专业人员可将本文件删除",
        " *   详细介绍请参考: https://bazhan.me/faq",
        " *   "
    ],
    "success": [
        {
            "url": "http://www.dmaku.com/demo/moban/2019021549501029/",
            "path": "index.html",
            "children": [
                {
                    "url": "http://www.dmaku.com/demo/moban/2019021549501029/images/W5DeG5e6TJ.png",
                    "path": "images/W5DeG5e6TJ.png"
                },
                {
                    "url": "http://www.dmaku.com/demo/moban/2019021549501029/images/TK4dEe6H7D.jpg",
                    "path": "images/TK4dEe6H7D.jpeg"
                },
                {
                    "url": "http://www.dmaku.com/demo/moban/2019021549501029/images/WW864sf3hS.jpg",
                    "path": "images/WW864sf3hS.jpeg"
                },
                {
                    "url": "http://www.dmaku.com/demo/moban/2019021549501029/images/WbWSTkdkZa.png?x-oss-process=image/resize,m_fill,h_484,w_380",
                    "path": "images/WbWSTkdkZa.png"
                },
                {
                    "url": "http://www.dmaku.com/demo/moban/2019021549501029/images/AiwWMjGHBQ.jpg?x-oss-process=image/resize,m_fill,h_484,w_380",
                    "path": "images/AiwWMjGHBQ.jpeg"
                },
                {
                    "url": "http://www.dmaku.com/demo/moban/2019021549501029/images/fR3knrXtET.png?x-oss-process=image/resize,m_fill,h_484,w_380",
                    "path": "images/fR3knrXtET.png"
                },
                {
                    "url": "http://www.dmaku.com/demo/moban/2019021549501029/images/44xTy3WhjC.png?x-oss-process=image/resize,m_fill,h_484,w_380",
                    "path": "images/44xTy3WhjC.png"
                },
                {
                    "url": "http://www.dmaku.com/demo/moban/2019021549501029/images/WYYRJecyF3.png?x-oss-process=image/resize,m_fill,h_484,w_380",
                    "path": "images/WYYRJecyF3.png"
                },
                {
                    "url": "http://www.dmaku.com/demo/moban/2019021549501029/images/X3Hy52srpB.png?x-oss-process=image/resize,m_fill,h_484,w_380",
                    "path": "images/X3Hy52srpB.png"
                },
                {
                    "url": "http://www.dmaku.com/demo/moban/2019021549501029/images/TwEEyCN5eR.png?x-oss-process=image/resize,m_fill,h_484,w_380",
                    "path": "images/TwEEyCN5eR.png"
                },
                {
                    "url": "http://www.dmaku.com/demo/moban/2019021549501029/images/jyGxXkzcB3.jpg?x-oss-process=image/resize,m_fill,h_484,w_380",
                    "path": "images/jyGxXkzcB3.jpeg"
                },
                {
                    "url": "http://www.dmaku.com/demo/moban/2019021549501029/images/imBZrCffWp.png?x-oss-process=image/resize,m_fill,h_484,w_380",
                    "path": "images/imBZrCffWp.png"
                },
                {
                    "url": "http://www.dmaku.com/demo/moban/2019021549501029/images/m7HdpsHezn.jpg",
                    "path": "images/m7HdpsHezn.jpeg"
                },
                {
                    "url": "http://www.dmaku.com/demo/moban/2019021549501029/images/z2ZByybJtD.png?x-oss-process=image/resize,m_pad,h_348,w_278,color_FFFFFF",
                    "path": "images/z2ZByybJtD.png"
                },
                {
                    "url": "http://www.dmaku.com/demo/moban/2019021549501029/images/yF6W37w4m2.jpg?x-oss-process=image/resize,m_pad,h_348,w_278,color_FFFFFF",
                    "path": "images/yF6W37w4m2.jpeg"
                },
                {
                    "url": "http://www.dmaku.com/demo/moban/2019021549501029/images/ETcYkQ3ST3.png?x-oss-process=image/resize,m_pad,h_348,w_278,color_FFFFFF",
                    "path": "images/ETcYkQ3ST3.png"
                },
                {
                    "url": "http://www.dmaku.com/demo/moban/2019021549501029/images/tAxBhFBm4d.png?x-oss-process=image/resize,m_pad,h_348,w_278,color_FFFFFF",
                    "path": "images/tAxBhFBm4d.png"
                },
                {
                    "url": "http://www.dmaku.com/demo/moban/2019021549501029/images/JkS2Tw8TZF.png?x-oss-process=image/resize,m_pad,h_348,w_278,color_FFFFFF",
                    "path": "images/JkS2Tw8TZF.png"
                },
                {
                    "url": "http://www.dmaku.com/demo/moban/2019021549501029/images/Qt2QjpwyBM.png?x-oss-process=image/resize,m_pad,h_348,w_278,color_FFFFFF",
                    "path": "images/Qt2QjpwyBM.png"
                },
                {
                    "url": "http://www.dmaku.com/demo/moban/2019021549501029/images/fjHr8T3ESk.png?x-oss-process=image/resize,m_pad,h_348,w_278,color_FFFFFF",
                    "path": "images/fjHr8T3ESk.png"
                },
                {
                    "url": "http://www.dmaku.com/demo/moban/2019021549501029/images/mG4RpB3kNQ.png?x-oss-process=image/resize,m_pad,h_348,w_278,color_FFFFFF",
                    "path": "images/mG4RpB3kNQ.png"
                },
                {
                    "url": "http://www.dmaku.com/demo/moban/2019021549501029/images/6j3SBiRJMN.jpg?x-oss-process=image/resize,m_pad,h_213,w_582,color_FFFFFF",
                    "path": "images/6j3SBiRJMN.jpeg"
                },
                {
                    "url": "http://www.dmaku.com/demo/moban/2019021549501029/images/PEj5RHK66N.jpg?x-oss-process=image/resize,m_pad,h_213,w_582,color_FFFFFF",
                    "path": "images/PEj5RHK66N.jpeg"
                },
                {
                    "url": "http://www.dmaku.com/demo/moban/2019021549501029/images/TNA6w5j5BB.jpg?x-oss-process=image/resize,m_pad,h_213,w_582,color_FFFFFF",
                    "path": "images/TNA6w5j5BB.jpeg"
                },
                {
                    "url": "http://www.dmaku.com/demo/moban/2019021549501029/images/nRDaBjsPMc.jpg?x-oss-process=image/resize,m_pad,h_213,w_582,color_FFFFFF",
                    "path": "images/nRDaBjsPMc.jpeg"
                },
                {
                    "url": "http://www.dmaku.com/demo/moban/2019021549501029/images/235Gd4rwQE.png?x-oss-process=image/resize,m_pad,h_213,w_582,color_FFFFFF",
                    "path": "images/235Gd4rwQE.png"
                },
                {
                    "url": "http://www.dmaku.com/demo/moban/2019021549501029/images/zpWQJiSdBm.png?x-oss-process=image/resize,m_pad,h_213,w_582,color_FFFFFF",
                    "path": "images/zpWQJiSdBm.png"
                },
                {
                    "url": "http://www.dmaku.com/demo/moban/2019021549501029/images/index_40.jpg",
                    "path": "images/index_40.jpeg"
                },
                {
                    "url": "http://www.dmaku.com/demo/moban/2019021549501029/js/jquery.min.js",
                    "path": "js/jquery.min.js"
                },
                {
                    "url": "http://www.dmaku.com/demo/moban/2019021549501029/js/swiper.js",
                    "path": "js/swiper.js"
                },
                {
                    "url": "http://www.dmaku.com/demo/moban/2019021549501029/js/index.js",
                    "path": "js/index.js"
                },
                {
                    "url": "http://www.dmaku.com/demo/moban/2019021549501029/css/swiper.css",
                    "path": "css/swiper.css"
                },
                {
                    "url": "http://www.dmaku.com/demo/moban/2019021549501029/css/font_716408_8lrtxfud8rs.css",
                    "path": "css/font_716408_8lrtxfud8rs.css",
                    "children": []
                },
                {
                    "url": "http://www.dmaku.com/demo/moban/2019021549501029/css/common.css",
                    "path": "css/common.css"
                },
                {
                    "url": "http://www.dmaku.com/demo/moban/2019021549501029/css/font_826145_1kvrj73qfjc.css",
                    "path": "css/font_826145_1kvrj73qfjc.css",
                    "children": []
                }
            ]
        }
    ],
    "failures": []
}