{
    "header": [
        " *   ",
        " *   文件描述：本文件为请求参数，包括不限于网址、请求头、响应头、COOKIE、Referer、UserAgent",
        " *   本文件仅为记录详细请求参数便于调试，非专业人员可将本文件删除",
        " *   详细介绍请参考: https://bazhan.me/faq",
        " *   "
    ],
    "directory": "www-dmaku-com-2ofhbegh",
    "options": {
        "url": "http://www.dmaku.com/demo/moban/2019021549501029",
        "mark": "使用爬取代码库模式",
        "index": "index.html",
        "domain": "www.dmaku.com",
        "ipaddress": "121.196.156.195",
        "filenameGenerator": "byType",
        "request": {
            "headers": {
                "accept": "text/html,*/*",
                "accept-language": "zh-CN,zh;q=0.9",
                "accept-encoding": "gzip",
                "cache-control": "no-cache",
                "user-agent": "Mozilla/5.0 (Windows NT 10.0; Win64; x64) AppleWebKit/537.36 (KHTML, like Gecko) Chrome/78.0.3904.108 Safari/537.36",
                "x-scraper-website": "https://bazhan.me/"
            }
        },
        "response": {
            "statusCode": 200,
            "headers": {
                "server": "nginx",
                "date": "Wed, 16 Sep 2020 09:03:33 GMT",
                "content-type": "text/html; charset=utf-8",
                "transfer-encoding": "chunked",
                "connection": "close",
                "vary": "Accept-Encoding",
                "content-encoding": "gzip"
            }
        }
    },
    "user": {
        "isWhite": false
    },
    "formatter": [
        "saveOriginal"
    ],
    "time": {
        "start": 1600247012832,
        "end": 1600247103996,
        "spend": "91.164s"
    }
}